https://dblp.org/pid/263/9660.html,Yohanes Yudhi Adikusuma
https://dblp.org/pid/13/568.html,Ergun Akleman
https://dblp.org/pid/98/1937.html,Pierre Alliez
https://dblp.org/pid/137/5668.html,Zhen-Peng Bian
https://dblp.org/pid/93/8090-1.html,Junjie Cao 0001
https://dblp.org/pid/14/2589.html,Longbing Cao
https://dblp.org/pid/81/8426.html,Luming Cao
https://dblp.org/pid/55/5814.html,Antoni B. Chan
https://dblp.org/pid/03/5597.html,Lap-Pui Chau
https://dblp.org/pid/07/4182-0001.html,Chun Chen 0001
https://dblp.org/pid/92/6289-26.html,Jie Chen 0026
https://dblp.org/pid/69/8073-1.html,Renjie Chen 0001
https://dblp.org/pid/244/4437.html,Rulin Chen
https://dblp.org/pid/121/8989.html,Shuang-Min Chen
https://dblp.org/pid/c/WeiChen1.html,Wei Chen 0001
https://dblp.org/pid/70/2079.html,Wenzhi Chen
https://dblp.org/pid/72/2676-6.html,Xiaoming Chen 0006
https://dblp.org/pid/61/5383.html,Xuhui Chen
https://dblp.org/pid/54/6561.html,Zhibo Chen 0001
https://dblp.org/pid/09/1718.html,Zhonggui Chen
https://dblp.org/pid/130/0294.html,I. Yeu Cheng
https://dblp.org/pid/220/0220.html,Jack Chun Yiu Cheng
https://dblp.org/pid/76/185-8.html,Peng Cheng 0008
https://dblp.org/pid/c/XiuzhenCheng.html,Xiuzhen Cheng 0001
https://dblp.org/pid/85/7458.html,Boon-Seng Chew
https://dblp.org/pid/c/PhilipAChou.html,Philip A. Chou
https://dblp.org/pid/10/4074.html,Winnie Chiu Wing Chuaka: Winnie C. W. Chu
https://dblp.org/pid/c/DCohenOr.html,Daniel Cohen-Or
https://dblp.org/pid/260/0881.html,Canglan Dai
https://dblp.org/pid/34/2652.html,Junfei Dai
https://dblp.org/pid/54/8293.html,Bailin Deng
https://dblp.org/pid/344/2233.html,Jukai Deng
https://dblp.org/pid/23/6641.html,Zhigang Deng
https://dblp.org/pid/74/6131.html,Jie Du
https://dblp.org/pid/297/4861.html,Zihui Du
https://dblp.org/pid/230/3506.html,Yaqi Duan
https://dblp.org/pid/304/7881.html,Dasith de Silva Edirimuni
https://dblp.org/pid/97/5103.html,Dian Fan
https://dblp.org/pid/29/2305.html,Zhe Fan
https://dblp.org/pid/77/4730.html,Zheng Fang
https://dblp.org/pid/98/107.html,Paul R. Fisher
https://dblp.org/pid/38/803.html,Chi-Wing Fu
https://dblp.org/pid/03/3638.html,Qian Fu
https://dblp.org/pid/230/8674.html,Xuzhou Fu
https://dblp.org/pid/73/1417.html,Yan Fu
https://dblp.org/pid/292/6265.html,Yinan Fu
https://dblp.org/pid/92/2834-4.html,Lin Gao 0004
https://dblp.org/pid/26/8378.html,Xifeng Gao
https://dblp.org/pid/87/4866-4.html,Xing Gao 0004
https://dblp.org/pid/02/933.html,Ismael García
https://dblp.org/pid/30/9845.html,Wen-Yong Gong
https://dblp.org/pid/34/7408.html,Yuanhao Gong
https://dblp.org/pid/238/0488.html,Chunzhi Gu
https://dblp.org/pid/g/XianfengGu.html,Xianfeng Gu
https://dblp.org/pid/73/10023.html,Y. Q. Q. Guan
https://dblp.org/pid/61/7527.html,Peihong Guo
https://dblp.org/pid/122/6395.html,Shihui Guo
https://dblp.org/pid/68/5396.html,Xiaohu Guo
https://dblp.org/pid/98/8181.html,Shuchu Han
https://dblp.org/pid/94/5679.html,Aimin Hao
https://dblp.org/pid/80/4735.html,Jie Hao
https://dblp.org/pid/198/4010.html,Tianyu He
https://dblp.org/pid/116/4594.html,Weihua He
https://dblp.org/pid/h/StevenCHHoi.html,Steven C. H. Hoiaka: Steven Chu-Hong Hoi
https://dblp.org/pid/45/1208.html,Kai Hormann
https://dblp.org/pid/24/3702.html,Fei Hou
https://dblp.org/pid/122/2673.html,Junhui Hou
https://dblp.org/pid/h/ShiMinHu.html,Shi-Min Hu 0001
https://dblp.org/pid/36/1209.html,Jing Hua 0001
https://dblp.org/pid/246/0245.html,Caibao Huang
https://dblp.org/pid/246/2962.html,Zhenchuan Huang
https://dblp.org/pid/03/6674.html,Takeo Igarashi
https://dblp.org/pid/222/9006.html,Aamir Khan Jadoon
https://dblp.org/pid/83/274.html,Miao Jin
https://dblp.org/pid/129/2072.html,Sawako Kaijima
https://dblp.org/pid/k/ArieEKaufman.html,Arie E. Kaufman
https://dblp.org/pid/64/121.html,Deok-Soo Kim
https://dblp.org/pid/32/228.html,Chee Keong Kwoh 0001
https://dblp.org/pid/18/30.html,Sam Kwong
https://dblp.org/pid/76/8294.html,Chi-Fu William Laiaka: Chi-Fu Lai
https://dblp.org/pid/60/4932.html,Yu-Kun Lai
https://dblp.org/pid/189/9806.html,Tien Hung Le
https://dblp.org/pid/18/4993.html,Tong-Yee Lee
https://dblp.org/pid/62/8074.html,Yuen-Shan Leung
https://dblp.org/pid/214/1672.html,Bing-Jun Li
https://dblp.org/pid/55/2162.html,Fang Li
https://dblp.org/pid/92/2954-2.html,Feng Li 0002
https://dblp.org/pid/62/2655.html,Gang Li
https://dblp.org/pid/85/3156.html,Guilin Li
https://dblp.org/pid/48/1097.html,Jin Li
https://dblp.org/pid/247/9049-1.html,Jinyan Li 0001
https://dblp.org/pid/09/1365-3.html,Xin Li 0003
https://dblp.org/pid/55/6910.html,Ye Li
https://dblp.org/pid/61/1951.html,Zhenhua Li
https://dblp.org/pid/37/9761.html,Zhiyang Li 0001
https://dblp.org/pid/16/6501-3.html,Hui Liang 0003
https://dblp.org/pid/78/681.html,Minghong Liao
https://dblp.org/pid/130/0497.html,Elmer Weijie Lin
https://dblp.org/pid/87/5337.html,Juncong Lin
https://dblp.org/pid/59/4860.html,Yuxu Lin
https://dblp.org/pid/92/7950.html,Bangquan Liu
https://dblp.org/pid/18/3046.html,Guozhu Liu
https://dblp.org/pid/93/4010-32.html,Hui Liu 0032
https://dblp.org/pid/95/3736.html,Jun Liu
https://dblp.org/pid/07/1830.html,Ligang Liu
https://dblp.org/pid/35/7711.html,Linlin Liu
https://dblp.org/pid/33/85.html,Qian Liu
https://dblp.org/pid/53/4481.html,Qing Liu
https://dblp.org/pid/91/3699-1.html,Sen Liu 0001
https://dblp.org/pid/181/7394.html,Shaolong Liu
https://dblp.org/pid/47/6960.html,Taijun Liu
https://dblp.org/pid/49/3283.html,Wei Liu
https://dblp.org/pid/40/5057.html,Xiuping Liu
https://dblp.org/pid/51/3710-14.html,Yang Liu 0014
https://dblp.org/pid/60/8967.html,Yaqiong Liu
https://dblp.org/pid/27/2098.html,Yong-Jin Liu
https://dblp.org/pid/77/35-2.html,Zhen Liu 0002
https://dblp.org/pid/06/3580-4.html,Zheng Liu 0004
https://dblp.org/pid/137/2585.html,Xuequan Lu
https://dblp.org/pid/77/1959.html,Lok Ming Lui
https://dblp.org/pid/l/FengLuo2.html,Feng Luo 0002
https://dblp.org/pid/25/5545.html,Jiebo Luo
https://dblp.org/pid/42/2501-1.html,Jun Luo 0001
https://dblp.org/pid/05/6715.html,Wei Luo
https://dblp.org/pid/10/4950.html,Lizhuang Ma
https://dblp.org/pid/93/5262-9.html,Long Ma 0009
https://dblp.org/pid/49/3103.html,Qian Ma
https://dblp.org/pid/145/5320.html,Yuewen Ma
https://dblp.org/pid/t/NadiaMagnenatThalmann.html,Nadia Magnenat-Thalmann
https://dblp.org/pid/37/3940.html,Aihua Mao
https://dblp.org/pid/55/3814.html,Xiaoyang Mao
https://dblp.org/pid/24/7593.html,Belén Masiá
https://dblp.org/pid/12/5444-1.html,Tao Mei 0001
https://dblp.org/pid/49/6996-1.html,Min Meng 0001
https://dblp.org/pid/210/4401.html,Wenlong Meng
https://dblp.org/pid/m/ChunyanMiao.html,Chunyan Miao
https://dblp.org/pid/09/6728.html,Jun Mitani
https://dblp.org/pid/64/964.html,Wolfgang Müller-Wittig
https://dblp.org/pid/87/9003.html,Duc Dung Nguyen
https://dblp.org/pid/05/3382-1.html,Hung T. Nguyen 0001
https://dblp.org/pid/86/6729.html,Jonathan Palacios
https://dblp.org/pid/69/4450.html,Wei Pan
https://dblp.org/pid/55/1705.html,Gustavo Patow
https://dblp.org/pid/147/1559.html,Yue Peng
https://dblp.org/pid/70/3604-6.html,Chen Qian 0006
https://dblp.org/pid/02/6629.html,Yue Qian
https://dblp.org/pid/79/627.html,Hong Qin
https://dblp.org/pid/43/835.html,Guoping Qiu
https://dblp.org/pid/354/2818.html,Pengyun Qiu
https://dblp.org/pid/11/10767.html,Dao Thi Phuong Quynh
https://dblp.org/pid/07/3794.html,Antonio Robles-Kelly
https://dblp.org/pid/60/3415.html,Scott Schaefer
https://dblp.org/pid/180/2845.html,Zhiwen Shao
https://dblp.org/pid/38/5435.html,Jianbing Shen
https://dblp.org/pid/28/4238.html,Gaotao Shi
https://dblp.org/pid/198/7100.html,Jianfeng Shi
https://dblp.org/pid/15/5412-1.html,Lin Shi 0001
https://dblp.org/pid/221/2003.html,Yubin Shi
https://dblp.org/pid/22/298.html,Zhenyu Shu
https://dblp.org/pid/341/5763.html,Gaochao Song
https://dblp.org/pid/71/5333.html,Mingli Song
https://dblp.org/pid/58/3960-1.html,Peng Song 0001
https://dblp.org/pid/s/SeahHockSoon.html,Seah Hock Soonaka: Hock Soon Seah
https://dblp.org/pid/115/7315.html,Ran Su
https://dblp.org/pid/96/4421.html,Zhixun Su
https://dblp.org/pid/26/3470.html,Qian Sun
https://dblp.org/pid/44/8711.html,Yanan Sun
https://dblp.org/pid/21/10024.html,Hock Soon Tan
https://dblp.org/pid/20/10149.html,Wenming Tang
https://dblp.org/pid/232/2174.html,Jiong Tao
https://dblp.org/pid/78/3204-6.html,Feng Tian 0006
https://dblp.org/pid/98/6239.html,Changhe Tu
https://dblp.org/pid/89/1688.html,Charlie C. L. Wang
https://dblp.org/pid/258/3021.html,Chiyu Wang
https://dblp.org/pid/148/2192.html,Chunxue Wang
https://dblp.org/pid/04/7455.html,Dayong Wang
https://dblp.org/pid/22/2794.html,Defeng Wang
https://dblp.org/pid/35/3274.html,Guo-Jin Wang
https://dblp.org/pid/210/2872.html,Hongran Wang
https://dblp.org/pid/96/3995-2.html,Hongyu Wang 0002
https://dblp.org/pid/49/5065.html,Jianrong Wang
https://dblp.org/pid/92/1375-18.html,Jin Wang 0018
https://dblp.org/pid/53/5161.html,Kexiang Wang
https://dblp.org/pid/281/0820.html,Peihui Wang
https://dblp.org/pid/138/3460.html,Tuanfeng Y. Wang
https://dblp.org/pid/25/3415.html,Wencheng Wang
https://dblp.org/pid/49/4096.html,Wenping Wang
https://dblp.org/pid/92/6403.html,Xiaoning Wang
https://dblp.org/pid/69/732.html,Xingce Wang
https://dblp.org/pid/242/8119.html,Yaoyuan Wang
https://dblp.org/pid/38/8097-6.html,Ziqi Wang 0006
https://dblp.org/pid/225/4426.html,Guangshun Wei
https://dblp.org/pid/245/3506.html,Yu-Hui Wen
https://dblp.org/pid/w/LimsoonWong.html,Limsoon Wong
https://dblp.org/pid/69/220.html,Tien-Tsin Wong
https://dblp.org/pid/190/5879.html,Chenming Wu
https://dblp.org/pid/117/4768-3.html,Jiajun Wu 0003
https://dblp.org/pid/77/2927.html,Pengcheng Wu
https://dblp.org/pid/60/657.html,Zhongke Wu
https://dblp.org/pid/72/7440.html,Jiazhi Xia
https://dblp.org/pid/300/9031.html,Qianwei Xia
https://dblp.org/pid/81/7631.html,Liu Xiang
https://dblp.org/pid/147/7464.html,Ying Xiang
https://dblp.org/pid/323/9040.html,Pintong Xiao
https://dblp.org/pid/78/4972.html,Xian Xiao
https://dblp.org/pid/01/6764.html,Xuexiang Xie
https://dblp.org/pid/186/6438.html,Zhenfeng Xie
https://dblp.org/pid/72/3380.html,Shi-Qing Xinaka: Shiqing Xin
https://dblp.org/pid/357/0759.html,Xiaopeng Xin
https://dblp.org/pid/153/7955.html,Chunxu Xu
https://dblp.org/pid/73/1149.html,Jian Xu
https://dblp.org/pid/04/383.html,Pengfei Xu
https://dblp.org/pid/83/2535.html,Zheng Xu
https://dblp.org/pid/42/4130.html,Xing Yan
https://dblp.org/pid/12/1198-38.html,Jie Yang 0038
https://dblp.org/pid/257/8536.html,Sidan Yao
https://dblp.org/pid/16/896.html,Shing-Tung Yau
https://dblp.org/pid/69/2672.html,Sheng Ye
https://dblp.org/pid/190/1787.html,Zipeng Ye
https://dblp.org/pid/144/7479.html,Sai-Kit Yeung
https://dblp.org/pid/136/5469.html,Ran Yi
https://dblp.org/pid/97/3083.html,Xiaotian Yin
https://dblp.org/pid/58/10532.html,Xiang Ying
https://dblp.org/pid/55/2748.html,Cheng-Chi Yu
https://dblp.org/pid/44/7265.html,Dongxiao Yu
https://dblp.org/pid/34/946.html,Mei Yu
https://dblp.org/pid/173/0901.html,Minjing Yu
https://dblp.org/pid/08/4340.html,Ruiguo Yu
https://dblp.org/pid/91/3511.html,Xiaokang Yu
https://dblp.org/pid/21/780-1.html,Hui Yuan 0001
https://dblp.org/pid/42/3332.html,Junsong Yuan
https://dblp.org/pid/221/4669.html,Na Yuan
https://dblp.org/pid/36/9220.html,Yixuan Yuan
https://dblp.org/pid/182/7262.html,Anxiang Zeng
https://dblp.org/pid/25/8798.html,Huanqiang Zeng
https://dblp.org/pid/80/1961-2.html,Wei Zeng 0002
https://dblp.org/pid/10/1103.html,Yiming Zeng
https://dblp.org/pid/12/1053-1.html,Caiming Zhang 0001
https://dblp.org/pid/94/3019-30.html,Chao Zhang 0030
https://dblp.org/pid/91/195-7.html,Chi Zhang 0007
https://dblp.org/pid/24/5091-4.html,Dongbo Zhang 0004
https://dblp.org/pid/68/5017.html,Eugene Zhang
https://dblp.org/pid/24/6914.html,Hong Zhang
https://dblp.org/pid/38/5125.html,Juyong Zhang
https://dblp.org/pid/48/2807-1.html,Long Zhang 0001
https://dblp.org/pid/189/9832.html,Luo Zhang
https://dblp.org/pid/127/2145.html,Mingyue Zhang
https://dblp.org/pid/118/9810.html,Minqi Zhang
https://dblp.org/pid/201/6850.html,Qijian Zhang
https://dblp.org/pid/42/4584-1.html,Yongjie Jessica Zhangaka: Yongjie Zhang 0001
https://dblp.org/pid/174/3198.html,Ziyang Zhang
https://dblp.org/pid/59/2379.html,Jieyu Zhao
https://dblp.org/pid/76/1301.html,Jinhui Zhao
https://dblp.org/pid/223/1501.html,Junhao Zhao
https://dblp.org/pid/63/5422.html,Liang Zhao
https://dblp.org/pid/84/8411.html,Peilin Zhao
https://dblp.org/pid/181/2852.html,Wei Zhao
https://dblp.org/pid/72/6144-4.html,Ye Zhao 0004
https://dblp.org/pid/00/4089-9.html,Ying Zhao 0009
https://dblp.org/pid/09/5452.html,Jianmin Zheng
https://dblp.org/pid/224/0970.html,Weijie Zhou
https://dblp.org/pid/97/2964.html,Yuanfeng Zhou
https://dblp.org/pid/10/4016.html,Jianke Zhu
https://dblp.org/pid/229/4847.html,Zhiyu Zhu
